{"cameraMode":{"drawMode":0,"name":"Shaded","section":"Shading Mode"},"sceneLighting":true,"audioPlay":false,"sceneViewState":{"m_AlwaysRefresh":false,"showFog":true,"showSkybox":false,"showFlares":true,"showImageEffects":true,"showParticleSystems":true,"showVisualEffectGraphs":true,"m_FxEnabled":true},"in2DMode":false,"pivot":{"x":40.01459503173828,"y":16.103151321411134,"z":-37.005882263183597},"rotation":{"x":0.006803889758884907,"y":-0.9859633445739746,"z":0.04143356531858444,"w":0.16175515949726106},"size":0.8660287261009216,"orthographic":false}