{"cameraMode":{"drawMode":0,"name":"Shaded","section":"Shading Mode"},"sceneLighting":true,"audioPlay":false,"sceneViewState":{"m_AlwaysRefresh":false,"showFog":true,"showSkybox":false,"showFlares":true,"showImageEffects":false,"showParticleSystems":true,"showVisualEffectGraphs":true,"m_FxEnabled":true},"in2DMode":false,"pivot":{"x":39.66575622558594,"y":10.190340042114258,"z":64.08384704589844},"rotation":{"x":0.0019157736096531153,"y":-0.9957000017166138,"z":0.09045539051294327,"w":0.021210597828030587},"size":5.321821212768555,"orthographic":false}