{"cameraMode":{"drawMode":0,"name":"Shaded","section":"Shading Mode"},"sceneLighting":true,"audioPlay":false,"sceneViewState":{"m_AlwaysRefresh":false,"showFog":true,"showSkybox":false,"showFlares":true,"showImageEffects":true,"showParticleSystems":true,"showVisualEffectGraphs":true,"m_FxEnabled":true},"in2DMode":false,"pivot":{"x":3.7610204219818117,"y":2.3745956420898439,"z":1.2679802179336548},"rotation":{"x":-0.0173968318849802,"y":-0.9604097604751587,"z":0.27140477299690249,"w":-0.06175592169165611},"size":8.003632545471192,"orthographic":false}