{"cameraMode":{"drawMode":0,"name":"Shaded","section":"Shading Mode"},"sceneLighting":true,"audioPlay":false,"sceneViewState":{"m_AlwaysRefresh":false,"showFog":true,"showSkybox":false,"showFlares":true,"showImageEffects":true,"showParticleSystems":true,"showVisualEffectGraphs":true,"m_FxEnabled":true},"in2DMode":false,"pivot":{"x":-0.26038965582847597,"y":1.9286458492279053,"z":3.934868574142456},"rotation":{"x":0.03764399141073227,"y":0.15094760060310365,"z":-0.0058374786749482159,"w":0.9880110025405884},"size":2.0615527629852297,"orthographic":false}