{"cameraMode":{"drawMode":0,"name":"Shaded","section":"Shading Mode"},"sceneLighting":true,"audioPlay":false,"sceneViewState":{"m_AlwaysRefresh":false,"showFog":true,"showSkybox":false,"showFlares":true,"showImageEffects":true,"showParticleSystems":true,"showVisualEffectGraphs":true,"m_FxEnabled":true},"in2DMode":false,"pivot":{"x":1.7253098487854005,"y":11.036931037902832,"z":6.15496826171875},"rotation":{"x":0.28121015429496767,"y":-0.6617403626441956,"z":0.29609155654907229,"w":0.6289278268814087},"size":2.5824038982391359,"orthographic":false}