{"cameraMode":{"drawMode":0,"name":"Shaded","section":"Shading Mode"},"sceneLighting":true,"audioPlay":false,"sceneViewState":{"m_AlwaysRefresh":false,"showFog":true,"showSkybox":false,"showFlares":true,"showImageEffects":true,"showParticleSystems":true,"showVisualEffectGraphs":true,"m_FxEnabled":true},"in2DMode":false,"pivot":{"x":-3.6270194053649904,"y":29.168882369995118,"z":36.01930618286133},"rotation":{"x":0.13058699667453767,"y":0.8691984415054321,"z":-0.32657334208488467,"w":0.3475642502307892},"size":13.250682830810547,"orthographic":false}