{"cameraMode":{"drawMode":0,"name":"Shaded","section":"Shading Mode"},"sceneLighting":true,"audioPlay":false,"sceneViewState":{"m_AlwaysRefresh":false,"showFog":true,"showSkybox":false,"showFlares":true,"showImageEffects":true,"showParticleSystems":true,"showVisualEffectGraphs":true,"m_FxEnabled":true},"in2DMode":false,"pivot":{"x":970.4827880859375,"y":421.86614990234377,"z":992.1123046875},"rotation":{"x":-0.020997395738959314,"y":-0.009905064478516579,"z":0.0002183714823331684,"w":-0.9997537136077881},"size":1037.0679931640625,"orthographic":true}