{"cameraMode":{"drawMode":0,"name":"Shaded","section":"Shading Mode"},"sceneLighting":true,"audioPlay":false,"sceneViewState":{"m_AlwaysRefresh":false,"showFog":true,"showSkybox":false,"showFlares":true,"showImageEffects":true,"showParticleSystems":true,"showVisualEffectGraphs":true,"m_FxEnabled":true},"in2DMode":false,"pivot":{"x":0.8723453283309937,"y":3.1295063495635988,"z":-3.5874266624450685},"rotation":{"x":0.030173590406775476,"y":-0.9656209945678711,"z":-0.22344136238098145,"w":-0.13023529946804048},"size":2.5824038982391359,"orthographic":false}