{"cameraMode":{"drawMode":0,"name":"Shaded","section":"Shading Mode"},"sceneLighting":true,"audioPlay":false,"sceneViewState":{"m_AlwaysRefresh":false,"showFog":true,"showSkybox":false,"showFlares":true,"showImageEffects":true,"showParticleSystems":true,"showVisualEffectGraphs":true,"m_FxEnabled":true},"in2DMode":false,"pivot":{"x":57.18338394165039,"y":28.394102096557618,"z":-6.1629743576049809},"rotation":{"x":-0.026791183277964593,"y":0.9731252789497376,"z":-0.16984593868255616,"w":-0.1533505916595459},"size":1.2247449159622193,"orthographic":false}