{"cameraMode":{"drawMode":0,"name":"Shaded","section":"Shading Mode"},"sceneLighting":true,"audioPlay":false,"sceneViewState":{"m_AlwaysRefresh":false,"showFog":true,"showSkybox":false,"showFlares":true,"showImageEffects":true,"showParticleSystems":true,"showVisualEffectGraphs":true,"m_FxEnabled":true},"in2DMode":false,"pivot":{"x":-52.754249572753909,"y":60.527408599853519,"z":-72.01571655273438},"rotation":{"x":0.09494467079639435,"y":0.45070183277130129,"z":-0.045886121690273288,"w":0.8867756724357605},"size":5.366025924682617,"orthographic":false}