{"cameraMode":{"drawMode":0,"name":"Shaded","section":"Shading Mode"},"sceneLighting":false,"audioPlay":false,"sceneViewState":{"m_AlwaysRefresh":false,"showFog":true,"showSkybox":false,"showFlares":true,"showImageEffects":false,"showParticleSystems":true,"showVisualEffectGraphs":true,"m_FxEnabled":true},"in2DMode":false,"pivot":{"x":-3.2349324226379396,"y":1.5330619812011719,"z":5.2820940017700199},"rotation":{"x":0.002263085450977087,"y":-0.9933005571365356,"z":0.11402847617864609,"w":0.019666040316224099},"size":1.4615528583526612,"orthographic":false}